aid,bvid,title,播放量,点赞数,投币数,属地,视频时长(秒),视频时长(分:秒),up主,up主ID,发布时间,视频分类,收藏数,分享数,评论数,弹幕数
114250693481451,BV1YLZzYEE1Z,随机挑战！106元吃鸡腿？这得吃多少个…,34958650,314280,50871,浙江,430,7:10,一只黑Q,54911793,2025-03-30 17:42:11,美食记录,543798,1093,1702,69877
114250811048162,BV15gZzYXE4N,蔬菜切法指南！从几何角度出发，一次性搞清楚所有蔬菜的最优切法【解构家常菜】,3351956,230035,98847,北京,311,5:11,杨光_建厨师,21950148,2025-03-30 18:13:29,美食制作,387298,35478,2760,1599
114245610181916,BV1stZAYvELe,不可能存在方的鸡！除非……,14622061,646870,191906,福建,246,4:06,黑猫厨房,1420982,2025-04-02 18:00:00,美食制作,142724,21689,4409,4216
114262286600552,BV1ihZhYKERR,在成都一大早吃这么香，不要命啦？,6467129,202151,46454,上海,655,10:55,日食记,8960728,2025-04-01 18:51:17,美食制作,70823,32981,5478,21454
114256397800238,BV1QyZJYoEjB,中国买来大烙锅在芬兰实现贵州烙锅自由！豪华苗族酸辣宴暴击芬兰干饭家族！丝娃娃糯米饭洋芋花式吃法全家撑到坐不下来！,1605964,86471,60243,芬兰,1385,23:05,雨琪在芬兰,323024456,2025-03-31 17:50:03,美食记录,11146,780,1637,10566
114261716108777,BV18FZbYUENq,荷兰生蚝泛滥！中国儿媳携德国公公跨国救援！蒜香轰炸德法美食圈,3783964,92367,51042,德国,1194,19:54,德国陶渊明,7327911,2025-04-01 16:57:57,美食记录,21638,3598,2037,6741
114238177676929,BV1dfoDY9E8Y,用一袋垃圾桶捡来的鸡皮，竟然刷新了西班牙老外的三观,6490933,350949,9448,四川,320,5:20,西班牙陈挺,1984198637,2025-04-02 18:00:00,美食记录,62227,1417,3246,2887
114250727035036,BV1aEZzYjEKU,全世界将近2000种奶酪，到底都有什么区别？看完这期视频你就懂了！,1756782,170312,145570,北京,778,12:58,大祥哥来了,2920960,2025-03-30 18:07:39,美食侦探,18894,2092,2816,3369
114255357550566,BV1jgZEYwEH3,【全网首发】必胜客逆天新品《姐妹双修披萨》,2356788,50262,1558,辽宁,191,3:11,转生成为毛毛,1563385862,2025-03-31 13:27:47,美食侦探,6007,48649,7408,9616
114255558877124,BV1sQZ7Y5EZa,油爆双脆超下饭！,1402312,94178,3282,北京,141,2:21,夏叔厨房,11429061,2025-03-31 14:19:02,美食制作,12326,1564,1637,613
114256347471626,BV1USZJYWEGN,终于吃到正宗的把子肉了！不吃40块不过瘾！大口吃肉吃到爽,2622555,64088,6017,重庆,536,8:56,干饭三健客,8680974,2025-03-31 17:50:46,美食记录,4857,4993,1692,2591
114259585405459,BV1PUZsY8E8m,小孙为自己的家乡代言，推荐大家来了必吃的美食：鱼头火锅,1509894,144149,7752,四川,330,5:30,孙笑川258,402574397,2025-04-01 12:30:00,美食侦探,22851,16502,4612,7430
114256330622564,BV14DZJYXEEt,黄金比例烧麦，小当家惊呆了！！,4657555,186190,6624,湖南,338,5:38,上班族的便当,50660116,2025-03-31 17:31:18,美食制作,23113,2930,2468,2192
114260592039221,BV1cZZ4YwEUn,胖龙打算给儿子转学，儿子认错态度积极，写一份保证书,1410582,31107,2721,河南,363,6:03,胖龙的小生活,649661652,2025-04-01 17:30:00,美食记录,1270,602,2841,2208
114267269437685,BV1MbfPY2EeG,【戈登吐槽】这还比什么,4286458,352558,3180,英国,55,0:55,戈登拉姆齐Gordon,3546821435591465,2025-04-02 18:00:00,美食制作,39115,938,2480,298
114246767612982,BV1oLZaYNEPD,6分钟晚餐 生菜鸡蛋,6676135,233864,6336,天津,68,1:08,香蕉柿子梨,217974795,2025-03-30 01:02:46,美食制作,25972,17928,6310,4539
114262001391028,BV1c6ZtYYEMy,挑战一天只吃绿色的食物，没肉的24小时，我崩溃了,13374010,30570,3563,河南,218,3:38,王蒙多,392221058,2025-04-01 17:34:05,美食测评,85200,38,162,433
114261229573240,BV1uyZbYUEx2,真正意义上的宽油，比人高的鲇鱼整个油炸,2730792,64835,6268,四川,944,15:44,野厨大叔Tavakkul,1615641697,2025-04-01 17:35:00,美食制作,12071,5247,2962,8284
114243546582705,BV1fgZFYJETZ,自制鱼豆腐，在家实现关东煮自由～你最爱关东煮里的哪个食物吖～,2131376,185295,3061,安徽,125,2:05,留意炫饭吖,1201986019,2025-03-30 17:50:00,美食记录,23673,3139,708,611
114256213182660,BV1uxZnYfE7u,五花肉怎么烤，原味不腌制烤成外酥里嫩，从选肉改刀烤制详细教程！,775781,65560,2989,天津,268,4:28,烧烤教父up,647201537,2025-03-31 17:05:07,美食制作,20671,4146,550,607
114246415357521,BV1PrZaYEEt1,用 ai 做一道人类历史上从未出现的料理！！《星穹脆皮鸡》,10657510,57712,9363,浙江,442,7:22,贤宝宝Baby,3957971,2025-03-30 11:00:00,美食制作,81402,852,449,1154
114257807024005,BV11jZHY9EyS,林子大了什么果子都有！颠覆味蕾的小众水果开箱,1221109,52667,11579,天津,317,5:17,了不起的八万二饼,395936853,2025-04-01 12:10:00,美食测评,5546,906,890,1940
114245039559928,BV1EeZcYQEDc,面包机做牛排，我想都不敢想,7466917,48761,1683,江苏,434,7:14,陈老师很挑食,65620268,2025-03-30 12:00:00,美食测评,21965,323,459,817
114261950994651,BV1xuZbYkEip,筋饼卷万物！经典京酱肉丝和土豆丝搭配新潮火鸡面，碳水爆炸了！,936034,32204,8744,吉林,621,10:21,方芳的快乐生活,649019192,2025-04-01 17:22:25,美食侦探,2355,1152,555,999
114255022065297,BV1n6ZEYrEmh,第92期四菜一汤教程：黄焖鸡，韭菜炒蛋，蒜苗小炒肉，蒜炒空心菜，香菇鸡汤，从挑选食材开始，一套流程很顺畅，简单易懂！,773968,80349,10195,福建,335,5:35,阿蔡美食雕刻,472102908,2025-03-31 12:13:06,美食制作,9637,2281,865,702
114257471471673,BV1kpZHYSEpv,88元蛋糕自助爽吃2小时！17块蛋糕好看又好吃！,1068741,31705,3291,浙江,534,8:54,小紧张的虫虫,6087825,2025-03-31 22:19:19,美食侦探,3899,1915,612,1200
114262706098316,BV1MgZhYDEt7,【大学生就业指导】夜市5分钟蛋炒饭！什么是A的标准？粒粒分明有手就行！,858636,52106,5020,山东,190,3:10,阿白的金手指厨房,3546603960928658,2025-04-01 20:40:58,美食制作,36509,3567,1169,234
114255391102344,BV1usZEYQEB8,到腰魔点单一定不能这么点,2236413,50424,414,辽宁,29,0:29,腰魔,3493295432928060,2025-03-31 13:31:20,美食记录,919,469,1205,86
114256766836673,BV1arZJYfELj,记录1000个餐饮人的故事之 小二面店,1014091,18847,168,湖南,50,0:50,嘉肴长沙,319089553,2025-03-31 19:22:16,美食侦探,1222,334,288,39
114255995078952,BV1F2ZnYLENk,花400元买的真空腌制机，腌制1小时的羊腿，烤熟后能入味吗？,1710559,19682,2055,江西,353,5:53,馋大鑫,382375531,2025-03-31 16:04:26,美食测评,3462,227,400,765
114253746932562,BV1fhZyYkEci,不敢想象这一口下去有多鲜美,3635052,193087,2541,浙江,68,1:08,Ayu速食,3546694348180122,2025-03-31 21:32:27,美食侦探,16566,4647,3640,5993
114255961595773,BV1jdZnYuEEg,现在好起来了，随便卖两个快餐就几千块，也不知道小哥哥家里是什么条件#广式烧腊 #美食,587666,28831,493,广东,159,2:39,bil品鲜园烧腊快餐店,3493298886936758,2025-03-31 16:00:32,美食侦探,659,215,1068,513
114261967771897,BV1rqZtYeErC,没有父母，19岁送外卖供三姐弟读书，她是姐姐，也是爸爸妈妈,715202,88356,78286,江苏,402,6:42,颜锅锅的江湖记,1837209664,2025-04-01 17:28:19,美食记录,6384,623,1768,1483
114249300971199,BV1t5ZvYYEJC,把黄豆放啤酒里泡一泡 竟然能做出小时候打酱油的味道,1599540,65388,1975,辽宁,91,1:31,舌尖上的老六,97039736,2025-03-30 17:00:00,美食制作,22670,1975,1883,755
114251180021658,BV1kdZBYwEUT,潮汕街头偶遇可以吃的泥！！！,2449352,48201,550,广西,63,1:03,小极贪吃日记,3546390703638988,2025-03-30 19:50:42,美食侦探,2312,1411,1603,1150
114262034941456,BV1PhZtYzEnA,教你如何抗议朋友来家里蹭饭,5313003,75835,1129,福建,75,1:15,大伟投食记官方账号,1868223528,2025-04-01 17:46:13,美食记录,22558,1564,706,302
114255407882168,BV1uWZEYpE9o,世界上最好吃的海螺，潮汕炭烧大响螺！不知道做成沸腾鱼片会不会更好吃！,727173,35563,1328,上海,242,4:02,琼斯爱生活,46349288,2025-03-31 13:38:11,美食测评,2194,682,706,608
114216451184783,BV1dSoyYiEom,今我孙子自己做的烤鸡胸肉还有鸡翅我又炒的木须肉,5778347,1163031,379360,河北,68,1:08,和小凯的平淡生活,3546814389160076,2025-03-24 16:38:27,美食记录,73915,5676,22120,47491
114261212857400,BV1sXZbYVETR,汕头，你的美食真的让人上头！,1795443,45810,12812,广东,981,16:21,猴儿甜猴儿甜,703057028,2025-04-01 18:00:00,美食侦探,54755,20310,1455,1339
114267705579070,BV1rmfKY3Eoo,广西特色美食，广西三月三也太热闹了吧！（草料哥在广西篇）,729778,70731,1251,广西,187,3:07,理查不会降落,101682188,2025-04-02 17:55:44,美食记录,1896,872,1558,798
114256666169007,BV1rnZJYVEwZ,减肥的别看！香迷糊的徐州把子肉，一口爆汁，满嘴流油才过瘾！,529215,20668,1874,北京,312,5:12,真吃货老白,124458240,2025-03-31 18:56:15,美食侦探,2426,1006,1084,792
114256682943429,BV1kEZJYyECh,做汉堡给保安叔叔做上门了,571655,41803,525,广西,114,1:54,美味羡宝王,31642139,2025-03-31 19:02:18,美食制作,3087,6448,1090,479
114262336867257,BV1ExZhYzECp,挑战！我和女儿吃一年级下册课本美食！这是一场实力的对决,5230451,5346,2355,湖南,328,5:28,-聚宝鹏-,489422426,2025-04-01 19:11:57,美食记录,34327,12,42,319
114267890128614,BV1XWfKYoE6X,火影策划回应，未来的福利和功能计划,670477,30870,529,山东,57,0:57,一只山鸡鱼,674198676,2025-04-02 18:36:05,美食记录,5093,7114,8241,12968
114238949428004,BV1ZfoXYaERH,建议严查这批网红零食（4）,10152560,116457,17149,山东,731,12:11,穿毛裤的小拉泽,478691043,2025-03-29 16:50:00,美食测评,166967,771,840,3980
114264601788647,BV1FFfwYZEM1,白切鸡：不是，哥们儿？,638533,35188,1239,广东,192,3:12,蚊子-学做美食,14800002,2025-04-02 11:00:00,美食制作,5703,902,1348,834
114255273856554,BV153ZEYaEDW,今天曼谷微微动巨型夜市里的稀奇美味小吃别担心,788523,32223,1470,泰国,154,2:34,小老虎的泰国行,95012810,2025-03-31 13:09:51,美食侦探,1983,1367,636,400
114256246740223,BV1ubZnYoEpG,有点恼火的，但是其实都是怪我自己...,669718,25240,334,浙江,192,3:12,谢谢侬陈森,3546583274621696,2025-03-31 17:14:02,美食侦探,1133,82,715,138
114256968225579,BV1BLZpY5E9n,老板崩了一锅毛毛虫，爆米花机爆野米。,920556,12393,300,广西,75,1:15,美食虎先生,1104832285,2025-03-31 20:12:25,美食侦探,470,67,379,324
114262420756951,BV13kZhYZEQb,今天的下酒菜是牛窝骨,584036,46384,1874,浙江,207,3:27,小牙一杯,1626552192,2025-04-01 19:25:03,美食记录,3243,1437,488,381
114244754347448,BV1KcZwYPECW,荤菜几块钱，素菜几毛钱，2025年最离谱火锅店，性价比直奔火星！,5061901,26810,1955,河南,488,8:08,下班威龙,1659154,2025-03-29 17:12:32,美食侦探,20719,4767,1134,1254
114254820741868,BV1VfZEYbEri,1688一条和牛牛舌你会买单吗？,1210086,13768,375,上海,32,0:32,和牛切配何师傅,3493293482576390,2025-03-31 11:07:56,美食记录,436,126,266,31
114249435187529,BV1g9ZqYyEXq,周末陪孩子们完成实践作业：拍陕西美食小视频,1872754,74196,9494,陕西,648,10:48,君在西安,1202350411,2025-03-30 12:19:59,美食侦探,5077,1850,1354,1934
114250609595372,BV159ZzYpEUk,苹果加猪扒？苹果能增添果香，还能软化猪扒，超级好吃！,526258,49458,2192,山东,130,2:10,刘师傅爱做饭,676181679,2025-03-30 17:17:02,美食记录,39148,6349,788,224
114222289651281,BV1fToxYpEdg,没有人比我更会炒方便面～,2626379,129190,1740,山东,67,1:07,曹哥做饭可以,36628139,2025-03-25 19:15:00,美食制作,22797,4966,1834,771
114216853839442,BV1wqoyY1EeT,包子手法,3109390,261985,24104,陕西,191,3:11,陕西高娜丽,3546746097502570,2025-03-24 18:10:35,美食制作,146727,17362,3102,2202
114248999048099,BV1eUZvYgEVv,这食谱行啊,1027331,75979,3176,黑龙江,184,3:04,姜叔贼萌,503887464,2025-03-30 10:28:19,美食测评,7799,10975,2621,963
114257135933162,BV1b9ZHYbEwV,在山东临沂的偏远小村庄吃：临沂炒鸡，一院子木柴，加上8口地锅，矮桌子小马扎氛围感拉满#临沂炒鸡#临沂美食#鲤鱼#地锅鸡,1711495,15297,1086,上海,459,7:39,达哥在上海,504799975,2025-03-31 21:13:34,美食记录,4642,978,1086,1279
114220830035713,BV1nposYWE5z,一定要学会的椒盐鸡翅！外酥里嫩，再也不用出去买了！鸡翅少油做法还特别健康！,1708456,216133,15104,北京,148,2:28,夏叔有好货,294675407,2025-03-28 10:00:00,美食制作,161841,19854,1646,634
114244553020193,BV1gRZcYMEKK,买光零食很忙四个字品牌的零食，要花多少钱才能成功拿下？,5178893,4059,927,广东,198,3:18,阿鱼酱本酱,57729150,2025-03-29 18:35:00,美食记录,16078,15,28,48
114262068430194,BV1keZtYiEJU,鹅鹅鹅，曲项用刀戈，拔毛加瓢水，点火盖上锅。,544952,26117,4064,四川,556,9:16,老王在中国,3537122973714533,2025-04-01 17:50:15,美食侦探,1897,515,682,1935
114245190557445,BV1XhZPYnERS,复刻汪曾祺笔下故乡的味道：酱瓜虾松·茶粥,737111,58991,9048,云南,294,4:54,鹿十月lulu,18459985,2025-03-29 18:24:58,美食制作,30685,2932,777,371
114260709477278,BV1JjZ4YFE26,该外边吃不着的大盒饭,507657,38392,612,黑龙江,177,2:57,明天谁做东,1983705001,2025-04-01 12:10:21,美食记录,1271,266,211,211
114238613881926,BV1C8o9Y3Evf,去看迪拜网红的私人动物园，他竟然要送我手机？！,2837176,160430,140851,北京,3185,53:05,食贫道,39627524,2025-03-28 18:00:00,美食侦探,40559,8377,2367,18914
114256431351877,BV1mmZJYRE1z,重庆面包，馅比包子多！,429382,25293,922,北京,393,6:33,杨草莓熊,1721304028,2025-04-01 11:30:00,美食侦探,4496,3998,616,344
114251599451855,BV1v5ZrYoEHE,日本人为了让你一碗油拌面吃到饱有多拼～,972633,67962,1714,日本,187,3:07,在日本摸鱼的小超人,1062138057,2025-03-30 21:35:19,美食侦探,3159,746,387,509
114240358713792,BV1VhoRY8Ei7,【小石奶凶】当妈的真是不容易,5434798,240163,3459,湖南,104,1:44,小石奶凶不月半,259713513,2025-03-28 21:52:56,美食记录,53802,2932,1344,1372
114261347076959,BV1ENZ8YNEjq,好在有个不挑食的老公🙃 今天孩子还没睡，没时间做饭， 直接把冰箱里的剩饭处理成好吃的糊涂面条。,1106943,38473,766,河南,127,2:07,雷聪明和驴智慧,3546613750434002,2025-04-01 15:13:08,美食记录,807,448,884,448
114267823018500,BV1BRfKYiE6V,每天被吃掉的日本人那么多 怪不得合法...,1864573,75629,1072,四川,158,2:38,东京阿鸡,217156,2025-04-02 18:12:06,美食侦探,7612,1201,1470,630
114243445789594,BV1EVZFY7EdN,墨江.烧烤 厨子探店¥117,1441539,95715,2867,河北,311,5:11,真探唐仁杰,544336675,2025-03-30 11:30:00,美食侦探,7714,2926,1211,881
114256465043417,BV1HAZnY1EBb,日本最低时薪1280元能买啥,466756,27571,708,辽宁,199,3:19,小丁东京打工,3493092233578582,2025-03-31 18:10:08,美食记录,804,147,791,287
114254720013441,BV1QwZJYxEJb,【上海芥末wasabi日料放题】715元 吃多了容易进黑名单,594390,11972,2814,广东,1534,25:34,陈随便778,480662886,2025-03-31 17:00:00,美食侦探,1168,2067,1360,1896
114254451572857,BV1YnZCYhE45,据说这家伙称了29年栗子了，说多少是多少，惊呆了！大家能给我给个小红心吗。感谢,1015008,18804,214,江苏,47,0:47,栗子哥王峰,3546774358722833,2025-03-31 09:32:09,美食记录,343,57,1146,83
114256498394337,BV1EKZnYkEdm,辣条烤肠+双倍辣火鸡面嘶嘶嘶～,519920,66762,2401,山西,165,2:45,小酥猫饼,3546821334928348,2025-03-31 18:21:09,美食记录,3931,719,716,373
114265860084980,BV1nHfAYaEf2,春天就要吃酸酸辣辣的现舂火锅……独一无二的云南味！【滇西小哥】,1998652,57964,19881,云南,859,14:19,滇西小哥,101229184,2025-04-02 18:00:00,田园美食,17776,6601,770,2055
114245576433464,BV1TwZPY3EeH,300元巨型金枪鱼,2086967,72911,2117,山东,221,3:41,炊哥不加戏,3546579155815297,2025-03-29 20:09:24,美食侦探,3655,699,852,712
114267051330129,BV1RRfPYZEEQ,两个日本人在中国一起去吃日料！(?),932794,114810,5514,上海,222,3:42,米饭仙人FFyasueda,3546794552199406,2025-04-02 18:00:00,美食记录,9390,3596,844,729
114239469521007,BV1E7oXYhEAh,三明治天花板级别的做法,4584582,319374,4681,上海,39,0:39,小野驹_,518863547,2025-03-28 18:01:51,美食测评,24011,27290,2744,18935
114248965493545,BV1v1ZvYGEkF,缺牙齿的正确吃法,3660273,73111,480,湖北,11,0:11,77的美胃人生,1440345074,2025-03-30 10:16:20,美食记录,2288,6345,4209,7450
114256246800401,BV1bbZnYoEFw,刚回横店就接到戏了，今天演一个老嫂子，导演您确定没找错人吗？,719471,12045,997,浙江,477,7:57,张二要自律,454077247,2025-03-31 17:19:37,美食记录,2662,84,395,803
114261447674847,BV17sZbYaExh,【王刚探店】必打卡的“老网红”粤菜餐厅？佛山有记餐厅,587093,18829,2646,四川,742,12:22,餐饮研究员王刚,429748638,2025-04-02 12:00:00,美食侦探,1713,2155,2140,3568
114262387198626,BV1G6ZhYFE3t,今天又是蒸菜一锅出，操作时间加起来大概5分钟，还是很便捷的,1180812,70047,1665,福建,121,2:01,派大林小小厨,495054418,2025-04-01 19:15:50,美食制作,18319,1521,443,247
114256313849630,BV1GWZnYcEhD,妈妈做的家常晚餐，今晚的每一道菜都好吃到泪崩！！！ 香煎沙茶猪排+蟹黄豆腐煲+蒜香口蘑鸡+白贝酿虾滑+沙姜脆肉鲩+腊肠炒荷兰豆,635161,48372,2852,广东,127,2:07,喉结儿,2119090681,2025-03-31 17:43:45,美食制作,42249,5159,528,221
114256179696896,BV1B3ZnYuEie,一个人花2988体验帝王蟹六吃，你们觉得值得吗,1302049,18310,2414,四川,476,7:56,温油辣辣U,1244310984,2025-04-01 17:30:00,美食侦探,14417,431,278,565
114256901047256,BV15HZpYgELN,怎么做到芋头吃出哈根达斯的感觉！,2200890,77535,409,广东,54,0:54,二凶凶,1355049831,2025-04-01 12:53:29,美食制作,3797,214,1686,359
114255676312469,BV1nfZ7YzEbK,第一次体验开斋饭，给肚子“内存”都干烧了,284256,26507,385,湖南,195,3:15,玲子reiko-,662658732,2025-03-31 17:05:00,美食侦探,705,145,133,97
114262118762809,BV1vmZtYoEv5,【上青杰哥 】他们背着我搞这么好的私货？,379085,32505,1047,福建,264,4:24,上青杰哥,1298299527,2025-04-01 18:02:26,美食记录,2000,291,329,432
114233110954888,BV1ESZuYCE38,辣辣辣辣辣辣辣辣！,5065109,180611,64078,上海,1122,18:42,小傲想睡觉,446430908,2025-03-28 19:30:58,美食制作,68169,3252,2573,14183
114252387975392,BV13oZzYnEdi,大家看看这是啥？拼夕夕无头烧鹅,557870,6953,594,江西,240,4:00,路由器LAN,25135805,2025-03-31 10:00:00,美食测评,952,123,1245,935
114262890514035,BV1CvZ8YCE64,《健身爱好者没财富自由的的生活》,732297,40199,857,广东,70,1:10,记录小生活的蛋黄派,291054838,2025-04-01 21:19:18,美食测评,1007,223,317,202
114257572140111,BV1YyZHYvEVw,日本社畜吃点啥？午餐105元现做汉堡肉没吃饱，晚餐80元预制汉堡肉吃到撑,446932,26723,1402,日本,212,3:32,大阪流浪社长,15874359,2025-03-31 22:51:06,美食记录,1294,353,395,267
114255726646629,BV1sRZ7YGEw4,盘点一些小众，但味道不错的蔬菜，第18期～！,287218,24098,676,山东,120,2:00,天才低卡餐,420315472,2025-03-31 17:20:00,美食制作,1889,178,623,759
114256112518161,BV1V7ZnYNEor,7种溶液养水宝宝后续……,3105146,26547,316,河北,68,1:08,沫沫超爱喝,3546667011804115,2025-03-31 16:36:42,美食记录,6446,126,165,114
114239721177219,BV1R3odYwEbG,烹饪基础问题：大火与小火。都是100度了，那不都一样吗？,1738598,71984,26388,广东,575,9:35,硬核料理男子Tiger,12383027,2025-03-28 19:06:44,美食制作,45978,8337,3888,2603
114262471217710,BV1RBZhYhEyA,谁也没告诉我，在家做蛋糕这么简单啊！,1003235,8305,172,河北,37,0:37,粉面米蛋,3546743671097998,2025-04-01 19:31:24,美食制作,3369,196,192,36
114261212798726,BV1NXZbYVEbx,美国比弗利山庄，5美元一份的剩菜盲盒， 充满了惊喜还是惊吓?,313059,22618,481,美国,196,3:16,SaoRui的留学生活,433347158,2025-04-01 14:13:59,美食侦探,2361,189,216,1495
114222172210819,BV11ioxYYELQ,我可真会改造，哈哈哈。 #美食 #改造前VS改造后,3259019,259666,2165,云南,11,0:11,墨拦王昭君,1440143234,2025-03-25 16:43:36,美食记录,12632,19280,2141,10307
114250022393806,BV14sZqYeEgc,探索日本网红拉面店！超人气拉面馆，真的好吃吗？【大阪篇】,807001,36182,7858,日本,639,10:39,平平出击,405279279,2025-03-30 18:00:00,美食侦探,2462,727,577,1443
114227557701156,BV1S1oeYbExH,以前跟着水渠练漂移刀，现在跟着良心练铁布衫。,7997866,170308,1835,云南,15,0:15,食深烧腊,3493269294025264,2025-03-26 15:32:19,美食测评,7006,1065,1029,245
114244989289599,BV1BYZcYpEQG,"别翻了！你最中意的""辣炒花甲""做法在这",761499,24418,6034,安徽,172,2:52,美食强,240869947,2025-03-29 17:29:53,美食记录,36754,3621,700,400
